model_id,gpu_name,dtype,cache_mode,batch_size,seq_len,max_new_tokens,status,error,latency_ms,tokens_per_sec,generated_tokens_total,theoretical_kv_bytes,actual_prefill_kv_bytes,kv_actual_over_theory,prefill_status,prefill_error,base_allocated_bytes,peak_allocated_bytes,peak_delta_bytes,peak_reserved_bytes,free_before_bytes,free_after_bytes,total_vram_bytes,telemetry_samples,gpu_util_mean_pct,gpu_util_max_pct,memory_util_mean_pct,memory_util_max_pct,power_draw_mean_w,power_draw_max_w,quantized_nbits,quantized_backend,num_layers,num_attention_heads,num_key_value_heads,head_dim,source_csv,source_label,gpu_label,peak_delta_gib,peak_allocated_gib
/home/ssu/models/Qwen2.5-1.5B-Instruct,NVIDIA GeForce RTX 5060,fp16,dynamic,1,512,64,ok,,791.4638570000534,80.86282075164385,64,14680064,14680064.0,1.0,ok,,3088347136,3171727872,83380736,3376414720,4499308544.0,4444782592,8073838592,6.0,49.0,90.0,29.0,75.0,56.09666666666667,89.62,,,28,12,2,128,results/results_5060_qwen25_1p5b_arch.csv,rtx5060_arch,RTX 5060,0.07765436172485352,2.953901767730713
/home/ssu/models/Qwen2.5-1.5B-Instruct,NVIDIA GeForce RTX 5060,fp16,dynamic,1,1024,64,ok,,835.7608469959814,76.57693014698944,64,29360128,29360128.0,1.0,ok,,3121901568,3221027328,99125760,3445620736,4499308544.0,4375576576,8073838592,6.0,89.66666666666667,90.0,75.33333333333333,76.0,101.95,105.22,,,28,12,2,128,results/results_5060_qwen25_1p5b_arch.csv,rtx5060_arch,RTX 5060,0.09231805801391602,2.9998154640197754
/home/ssu/models/Qwen2.5-1.5B-Instruct,NVIDIA GeForce RTX 5060,fp16,dynamic,1,2048,64,ok,,940.9953770009452,68.01308652968623,64,58720256,58720256.0,1.0,ok,,3121901568,3320150528,198248960,3550478336,4499308544.0,4270718976,8073838592,7.0,61.85714285714285,89.0,36.0,76.0,112.84142857142857,117.62,,,28,12,2,128,results/results_5060_qwen25_1p5b_arch.csv,rtx5060_arch,RTX 5060,0.18463373184204102,3.0921311378479004
/home/ssu/models/Qwen2.5-1.5B-Instruct,NVIDIA GeForce RTX 5060,fp16,dynamic,1,4096,64,ok,,1168.262708997645,54.78219882145448,64,117440512,117440512.0,1.0,ok,,3121901568,3512105472,390203904,3718250496,4499308544.0,4102946816,8073838592,8.0,96.25,100.0,51.625,76.0,123.585,136.06,,,28,12,2,128,results/results_5060_qwen25_1p5b_arch.csv,rtx5060_arch,RTX 5060,0.363405704498291,3.2709031105041504
/home/ssu/models/Qwen2.5-1.5B-Instruct,NVIDIA GeForce RTX 5060,fp16,dynamic,1,8192,64,ok,,1674.690086998453,38.21602605572664,64,234881024,234881024.0,1.0,ok,,3121901568,3902306816,780405248,4131389440,4499308544.0,3689807872,8073838592,10.0,98.4,100.0,51.9,77.0,135.21499999999995,145.17,,,28,12,2,128,results/results_5060_qwen25_1p5b_arch.csv,rtx5060_arch,RTX 5060,0.726809024810791,3.6343064308166504
/home/ssu/models/Qwen2.5-1.5B-Instruct,NVIDIA GeForce RTX 5060,fp16,dynamic,2,512,64,ok,,843.1944629992358,151.80365338821727,128,29360128,29360128.0,1.0,ok,,3121901568,3221027328,99125760,3443523584,4499308544.0,4377673728,8073838592,6.0,89.83333333333333,90.0,76.0,77.0,102.23166666666668,106.53,,,28,12,2,128,results/results_5060_qwen25_1p5b_arch.csv,rtx5060_arch,RTX 5060,0.09231805801391602,2.9998154640197754
/home/ssu/models/Qwen2.5-1.5B-Instruct,NVIDIA GeForce RTX 5060,fp16,dynamic,2,1024,64,ok,,946.2712590029696,135.26776680807794,128,58720256,58720256.0,1.0,ok,,3121901568,3320150528,198248960,3550478336,4499308544.0,4270718976,8073838592,7.0,89.0,89.0,71.42857142857143,72.0,105.15142857142858,109.34,,,28,12,2,128,results/results_5060_qwen25_1p5b_arch.csv,rtx5060_arch,RTX 5060,0.18463373184204102,3.0921311378479004
/home/ssu/models/Qwen2.5-1.5B-Instruct,NVIDIA GeForce RTX 5060,fp16,dynamic,2,2048,64,ok,,1170.2483059998483,109.37849629326152,128,117440512,117440512.0,1.0,ok,,3121901568,3512105472,390203904,3718250496,4499308544.0,4102946816,8073838592,8.0,86.5,89.0,61.5,72.0,116.54125000000002,131.22,,,28,12,2,128,results/results_5060_qwen25_1p5b_arch.csv,rtx5060_arch,RTX 5060,0.363405704498291,3.2709031105041504
/home/ssu/models/Qwen2.5-1.5B-Instruct,NVIDIA GeForce RTX 5060,fp16,dynamic,2,4096,64,ok,,1628.0481450012303,78.62175353536813,128,234881024,234881024.0,1.0,ok,,3121901568,3902306816,780405248,4131389440,4499308544.0,3689807872,8073838592,10.0,95.8,100.0,59.4,72.0,129.66500000000002,146.45,,,28,12,2,128,results/results_5060_qwen25_1p5b_arch.csv,rtx5060_arch,RTX 5060,0.726809024810791,3.6343064308166504
/home/ssu/models/Qwen2.5-1.5B-Instruct,NVIDIA GeForce RTX 5060,fp16,dynamic,2,8192,64,oom,"OutOfMemoryError: CUDA out of memory. Tried to allocate 4.64 GiB. GPU 0 has a total capacity of 7.52 GiB of which 3.62 GiB is free. Including non-PyTorch memory, this process has 3.80 GiB memory in use. Of the allocated memory 3.39 GiB is allocated by PyTorch, and 280.47 MiB is reserved by PyTorch but unallocated. If reserved but unallocated memory is large try setting PYTORCH_CUDA_ALLOC_CONF=expandable_segments:True to avoid fragmentation.  See documentation for Memory Management  (https://docs.pytorch.org/docs/stable/notes/cuda.html#optimizing-memory-usage-with-pytorch-cuda-alloc-conf)",,,0,469762048,,,oom,"OutOfMemoryError: CUDA out of memory. Tried to allocate 4.64 GiB. GPU 0 has a total capacity of 7.52 GiB of which 3.62 GiB is free. Including non-PyTorch memory, this process has 3.80 GiB memory in use. Of the allocated memory 3.39 GiB is allocated by PyTorch, and 280.47 MiB is reserved by PyTorch but unallocated. If reserved but unallocated memory is large try setting PYTORCH_CUDA_ALLOC_CONF=expandable_segments:True to avoid fragmentation.  See documentation for Memory Management  (https://docs.pytorch.org/docs/stable/notes/cuda.html#optimizing-memory-usage-with-pytorch-cuda-alloc-conf)",3121901568,4678316032,1556414464,5213519872,,3884843008,8073838592,0.0,,,,,,,,,28,12,2,128,results/results_5060_qwen25_1p5b_arch.csv,rtx5060_arch,RTX 5060,1.44952392578125,4.357021331787109
/home/ssu/models/Qwen2.5-1.5B-Instruct,NVIDIA GeForce RTX 5060,fp16,dynamic,4,512,64,ok,,950.0136880014908,269.4698015757414,256,58720256,58720256.0,1.0,ok,,3121901568,3320150528,198248960,3550478336,4499308544.0,4270718976,8073838592,7.0,98.57142857142856,100.0,44.57142857142857,51.0,124.65999999999998,136.51,,,28,12,2,128,results/results_5060_qwen25_1p5b_arch.csv,rtx5060_arch,RTX 5060,0.18463373184204102,3.0921311378479004
/home/ssu/models/Qwen2.5-1.5B-Instruct,NVIDIA GeForce RTX 5060,fp16,dynamic,4,1024,64,ok,,1167.0643580000617,219.35379848176848,256,117440512,117440512.0,1.0,ok,,3121901568,3512105472,390203904,3718250496,4499308544.0,4102946816,8073838592,8.0,95.875,100.0,51.625,71.0,116.5425,130.01,,,28,12,2,128,results/results_5060_qwen25_1p5b_arch.csv,rtx5060_arch,RTX 5060,0.363405704498291,3.2709031105041504
/home/ssu/models/Qwen2.5-1.5B-Instruct,NVIDIA GeForce RTX 5060,fp16,dynamic,4,2048,64,ok,,1597.6151319991914,160.2388428054333,256,234881024,234881024.0,1.0,ok,,3121901568,3902306816,780405248,4131389440,4499308544.0,3689807872,8073838592,10.0,95.4,100.0,53.4,55.0,130.02100000000002,145.57,,,28,12,2,128,results/results_5060_qwen25_1p5b_arch.csv,rtx5060_arch,RTX 5060,0.726809024810791,3.6343064308166504
/home/ssu/models/Qwen2.5-1.5B-Instruct,NVIDIA GeForce RTX 5060,fp16,dynamic,4,4096,64,oom,"OutOfMemoryError: CUDA out of memory. Tried to allocate 4.64 GiB. GPU 0 has a total capacity of 7.52 GiB of which 3.59 GiB is free. Including non-PyTorch memory, this process has 3.83 GiB memory in use. Of the allocated memory 3.39 GiB is allocated by PyTorch, and 308.47 MiB is reserved by PyTorch but unallocated. If reserved but unallocated memory is large try setting PYTORCH_CUDA_ALLOC_CONF=expandable_segments:True to avoid fragmentation.  See documentation for Memory Management  (https://docs.pytorch.org/docs/stable/notes/cuda.html#optimizing-memory-usage-with-pytorch-cuda-alloc-conf)",,,0,469762048,,,oom,"OutOfMemoryError: CUDA out of memory. Tried to allocate 4.64 GiB. GPU 0 has a total capacity of 7.52 GiB of which 3.59 GiB is free. Including non-PyTorch memory, this process has 3.83 GiB memory in use. Of the allocated memory 3.39 GiB is allocated by PyTorch, and 308.47 MiB is reserved by PyTorch but unallocated. If reserved but unallocated memory is large try setting PYTORCH_CUDA_ALLOC_CONF=expandable_segments:True to avoid fragmentation.  See documentation for Memory Management  (https://docs.pytorch.org/docs/stable/notes/cuda.html#optimizing-memory-usage-with-pytorch-cuda-alloc-conf)",3121901568,4676186112,1554284544,4951375872,,3855482880,8073838592,0.0,,,,,,,,,28,12,2,128,results/results_5060_qwen25_1p5b_arch.csv,rtx5060_arch,RTX 5060,1.447540283203125,4.355037689208984
/home/ssu/models/Qwen2.5-1.5B-Instruct,NVIDIA GeForce RTX 5060,fp16,dynamic,4,8192,64,oom,"OutOfMemoryError: CUDA out of memory. Tried to allocate 9.27 GiB. GPU 0 has a total capacity of 7.52 GiB of which 2.97 GiB is free. Including non-PyTorch memory, this process has 4.45 GiB memory in use. Of the allocated memory 3.88 GiB is allocated by PyTorch, and 448.22 MiB is reserved by PyTorch but unallocated. If reserved but unallocated memory is large try setting PYTORCH_CUDA_ALLOC_CONF=expandable_segments:True to avoid fragmentation.  See documentation for Memory Management  (https://docs.pytorch.org/docs/stable/notes/cuda.html#optimizing-memory-usage-with-pytorch-cuda-alloc-conf)",,,0,939524096,,,oom,"OutOfMemoryError: CUDA out of memory. Tried to allocate 9.27 GiB. GPU 0 has a total capacity of 7.52 GiB of which 2.97 GiB is free. Including non-PyTorch memory, this process has 4.45 GiB memory in use. Of the allocated memory 3.88 GiB is allocated by PyTorch, and 448.22 MiB is reserved by PyTorch but unallocated. If reserved but unallocated memory is large try setting PYTORCH_CUDA_ALLOC_CONF=expandable_segments:True to avoid fragmentation.  See documentation for Memory Management  (https://docs.pytorch.org/docs/stable/notes/cuda.html#optimizing-memory-usage-with-pytorch-cuda-alloc-conf)",3121901568,6230470656,3108569088,7182745600,,3188588544,8073838592,0.0,,,,,,,,,28,12,2,128,results/results_5060_qwen25_1p5b_arch.csv,rtx5060_arch,RTX 5060,2.89508056640625,5.802577972412109
/home/ssu/models/Qwen2.5-1.5B-Instruct,NVIDIA GeForce RTX 5060,fp16,dynamic,8,512,64,ok,,1163.0526809967705,440.22081575978217,512,117440512,117440512.0,1.0,ok,,3121901568,3512105472,390203904,3718250496,4499308544.0,4102946816,8073838592,8.0,95.5,100.0,52.0,72.0,128.18125,137.52,,,28,12,2,128,results/results_5060_qwen25_1p5b_arch.csv,rtx5060_arch,RTX 5060,0.363405704498291,3.2709031105041504
/home/ssu/models/Qwen2.5-1.5B-Instruct,NVIDIA GeForce RTX 5060,fp16,dynamic,8,1024,64,ok,,1585.901421996823,322.84478272006095,512,234881024,234881024.0,1.0,ok,,3121901568,3902306816,780405248,4131389440,4499308544.0,3689807872,8073838592,10.0,95.8,100.0,60.2,70.0,130.041,146.94,,,28,12,2,128,results/results_5060_qwen25_1p5b_arch.csv,rtx5060_arch,RTX 5060,0.726809024810791,3.6343064308166504
/home/ssu/models/Qwen2.5-1.5B-Instruct,NVIDIA GeForce RTX 5060,fp16,dynamic,8,2048,64,oom,"OutOfMemoryError: CUDA out of memory. Tried to allocate 4.64 GiB. GPU 0 has a total capacity of 7.52 GiB of which 3.59 GiB is free. Including non-PyTorch memory, this process has 3.83 GiB memory in use. Of the allocated memory 3.39 GiB is allocated by PyTorch, and 308.47 MiB is reserved by PyTorch but unallocated. If reserved but unallocated memory is large try setting PYTORCH_CUDA_ALLOC_CONF=expandable_segments:True to avoid fragmentation.  See documentation for Memory Management  (https://docs.pytorch.org/docs/stable/notes/cuda.html#optimizing-memory-usage-with-pytorch-cuda-alloc-conf)",,,0,469762048,,,oom,"OutOfMemoryError: CUDA out of memory. Tried to allocate 4.64 GiB. GPU 0 has a total capacity of 7.52 GiB of which 3.59 GiB is free. Including non-PyTorch memory, this process has 3.83 GiB memory in use. Of the allocated memory 3.39 GiB is allocated by PyTorch, and 308.47 MiB is reserved by PyTorch but unallocated. If reserved but unallocated memory is large try setting PYTORCH_CUDA_ALLOC_CONF=expandable_segments:True to avoid fragmentation.  See documentation for Memory Management  (https://docs.pytorch.org/docs/stable/notes/cuda.html#optimizing-memory-usage-with-pytorch-cuda-alloc-conf)",3121901568,4675121152,1553219584,4951375872,,3855482880,8073838592,0.0,,,,,,,,,28,12,2,128,results/results_5060_qwen25_1p5b_arch.csv,rtx5060_arch,RTX 5060,1.4465484619140625,4.354045867919922
/home/ssu/models/Qwen2.5-1.5B-Instruct,NVIDIA GeForce RTX 5060,fp16,dynamic,8,4096,64,oom,"OutOfMemoryError: CUDA out of memory. Tried to allocate 9.27 GiB. GPU 0 has a total capacity of 7.52 GiB of which 2.99 GiB is free. Including non-PyTorch memory, this process has 4.43 GiB memory in use. Of the allocated memory 3.88 GiB is allocated by PyTorch, and 428.22 MiB is reserved by PyTorch but unallocated. If reserved but unallocated memory is large try setting PYTORCH_CUDA_ALLOC_CONF=expandable_segments:True to avoid fragmentation.  See documentation for Memory Management  (https://docs.pytorch.org/docs/stable/notes/cuda.html#optimizing-memory-usage-with-pytorch-cuda-alloc-conf)",,,0,939524096,,,oom,"OutOfMemoryError: CUDA out of memory. Tried to allocate 9.27 GiB. GPU 0 has a total capacity of 7.52 GiB of which 2.99 GiB is free. Including non-PyTorch memory, this process has 4.43 GiB memory in use. Of the allocated memory 3.88 GiB is allocated by PyTorch, and 428.22 MiB is reserved by PyTorch but unallocated. If reserved but unallocated memory is large try setting PYTORCH_CUDA_ALLOC_CONF=expandable_segments:True to avoid fragmentation.  See documentation for Memory Management  (https://docs.pytorch.org/docs/stable/notes/cuda.html#optimizing-memory-usage-with-pytorch-cuda-alloc-conf)",3121901568,6228340736,3106439168,6578765824,,3209560064,8073838592,0.0,,,,,,,,,28,12,2,128,results/results_5060_qwen25_1p5b_arch.csv,rtx5060_arch,RTX 5060,2.893096923828125,5.800594329833984
/home/ssu/models/Qwen2.5-1.5B-Instruct,NVIDIA GeForce RTX 5060,fp16,dynamic,8,8192,64,oom,"OutOfMemoryError: CUDA out of memory. Tried to allocate 1.09 GiB. GPU 0 has a total capacity of 7.52 GiB of which 708.88 MiB is free. Including non-PyTorch memory, this process has 6.73 GiB memory in use. Of the allocated memory 5.72 GiB is allocated by PyTorch, and 887.66 MiB is reserved by PyTorch but unallocated. If reserved but unallocated memory is large try setting PYTORCH_CUDA_ALLOC_CONF=expandable_segments:True to avoid fragmentation.  See documentation for Memory Management  (https://docs.pytorch.org/docs/stable/notes/cuda.html#optimizing-memory-usage-with-pytorch-cuda-alloc-conf)",,,0,1879048192,,,oom,"OutOfMemoryError: CUDA out of memory. Tried to allocate 1.09 GiB. GPU 0 has a total capacity of 7.52 GiB of which 708.88 MiB is free. Including non-PyTorch memory, this process has 6.73 GiB memory in use. Of the allocated memory 5.72 GiB is allocated by PyTorch, and 887.66 MiB is reserved by PyTorch but unallocated. If reserved but unallocated memory is large try setting PYTORCH_CUDA_ALLOC_CONF=expandable_segments:True to avoid fragmentation.  See documentation for Memory Management  (https://docs.pytorch.org/docs/stable/notes/cuda.html#optimizing-memory-usage-with-pytorch-cuda-alloc-conf)",3121901568,6228340736,3106439168,7501512704,,743309312,8073838592,0.0,,,,,,,,,28,12,2,128,results/results_5060_qwen25_1p5b_arch.csv,rtx5060_arch,RTX 5060,2.893096923828125,5.800594329833984
/home/ssu/models/Qwen2.5-1.5B-Instruct,NVIDIA GeForce RTX 5060,fp16,quantized,1,512,64,ok,,914.8208219994558,69.95905477984198,64,14680064,14680064.0,1.0,ok,,3121901568,3161176576,39275008,3363831808,4499308544.0,4457365504,8073838592,7.0,96.28571428571428,100.0,60.57142857142857,67.0,107.9742857142857,124.51,4.0,hqq,28,12,2,128,results/results_5060_qwen25_1p5b_arch.csv,rtx5060_arch,RTX 5060,0.036577701568603516,2.944075107574463
/home/ssu/models/Qwen2.5-1.5B-Instruct,NVIDIA GeForce RTX 5060,fp16,quantized,1,1024,64,ok,,971.7543630031288,65.86026514171046,64,29360128,29360128.0,1.0,ok,,3121901568,3199400448,77498880,3403677696,4499308544.0,4417519616,8073838592,7.0,87.0,87.0,66.57142857142857,67.0,101.03714285714284,104.07,4.0,hqq,28,12,2,128,results/results_5060_qwen25_1p5b_arch.csv,rtx5060_arch,RTX 5060,0.07217645645141602,2.9796738624572754
/home/ssu/models/Qwen2.5-1.5B-Instruct,NVIDIA GeForce RTX 5060,fp16,quantized,1,2048,64,ok,,1128.070924001804,56.73402145049671,64,58720256,58720256.0,1.0,ok,,3121901568,3277945344,156043776,3491758080,4499308544.0,4333633536,8073838592,8.0,87.75,89.0,65.25,66.0,108.88625,112.52,4.0,hqq,28,12,2,128,results/results_5060_qwen25_1p5b_arch.csv,rtx5060_arch,RTX 5060,0.14532709121704102,3.0528244972229004
/home/ssu/models/Qwen2.5-1.5B-Instruct,NVIDIA GeForce RTX 5060,fp16,quantized,1,4096,64,ok,,1384.3640580016654,46.23061371037344,64,117440512,117440512.0,1.0,ok,,3121901568,3427695104,305793536,3665821696,4499308544.0,4155375616,8073838592,9.0,80.88888888888889,89.0,57.11111111111112,72.0,122.72777777777776,133.99,4.0,hqq,28,12,2,128,results/results_5060_qwen25_1p5b_arch.csv,rtx5060_arch,RTX 5060,0.284792423248291,3.1922898292541504
/home/ssu/models/Qwen2.5-1.5B-Instruct,NVIDIA GeForce RTX 5060,fp16,quantized,1,8192,64,ok,,2031.8129430015688,31.498962648330068,64,234881024,234881024.0,1.0,ok,,3121901568,3733486080,611584512,4072669184,4499308544.0,3748528128,8073838592,12.0,88.33333333333333,100.0,52.333333333333336,64.0,133.56166666666667,142.23,4.0,hqq,28,12,2,128,results/results_5060_qwen25_1p5b_arch.csv,rtx5060_arch,RTX 5060,0.569582462310791,3.4770798683166504
/home/ssu/models/Qwen2.5-1.5B-Instruct,NVIDIA GeForce RTX 5060,fp16,quantized,2,512,64,ok,,998.7878680040012,128.15534118951396,128,29360128,29360128.0,1.0,ok,,3121901568,3199400448,77498880,3403677696,4499308544.0,4417519616,8073838592,7.0,90.71428571428572,93.0,63.42857142857143,64.0,102.35428571428572,113.36,4.0,hqq,28,12,2,128,results/results_5060_qwen25_1p5b_arch.csv,rtx5060_arch,RTX 5060,0.07217645645141602,2.9796738624572754
/home/ssu/models/Qwen2.5-1.5B-Instruct,NVIDIA GeForce RTX 5060,fp16,quantized,2,1024,64,ok,,1135.3064430004451,112.74488997148218,128,58720256,58720256.0,1.0,ok,,3121901568,3277945344,156043776,3491758080,4499308544.0,4333633536,8073838592,8.0,99.0,99.0,39.0,39.0,99.6175,104.75,4.0,hqq,28,12,2,128,results/results_5060_qwen25_1p5b_arch.csv,rtx5060_arch,RTX 5060,0.14532709121704102,3.0528244972229004
/home/ssu/models/Qwen2.5-1.5B-Instruct,NVIDIA GeForce RTX 5060,fp16,quantized,2,2048,64,ok,,1395.7105730005424,91.7095581821248,128,117440512,117440512.0,1.0,ok,,3121901568,3427695104,305793536,3665821696,4499308544.0,4155375616,8073838592,9.0,94.66666666666669,100.0,49.66666666666666,63.0,113.44,127.59,4.0,hqq,28,12,2,128,results/results_5060_qwen25_1p5b_arch.csv,rtx5060_arch,RTX 5060,0.284792423248291,3.1922898292541504
/home/ssu/models/Qwen2.5-1.5B-Instruct,NVIDIA GeForce RTX 5060,fp16,quantized,2,4096,64,ok,,1978.9602009986995,64.68043164051693,128,234881024,234881024.0,1.0,ok,,3121901568,3733486080,611584512,4070572032,4499308544.0,3750625280,8073838592,11.0,95.45454545454544,100.0,59.63636363636363,71.0,129.90454545454548,140.49,4.0,hqq,28,12,2,128,results/results_5060_qwen25_1p5b_arch.csv,rtx5060_arch,RTX 5060,0.569582462310791,3.4770798683166504
/home/ssu/models/Qwen2.5-1.5B-Instruct,NVIDIA GeForce RTX 5060,fp16,quantized,2,8192,64,oom,"OutOfMemoryError: CUDA out of memory. Tried to allocate 4.64 GiB. GPU 0 has a total capacity of 7.52 GiB of which 3.62 GiB is free. Including non-PyTorch memory, this process has 3.80 GiB memory in use. Of the allocated memory 3.39 GiB is allocated by PyTorch, and 280.47 MiB is reserved by PyTorch but unallocated. If reserved but unallocated memory is large try setting PYTORCH_CUDA_ALLOC_CONF=expandable_segments:True to avoid fragmentation.  See documentation for Memory Management  (https://docs.pytorch.org/docs/stable/notes/cuda.html#optimizing-memory-usage-with-pytorch-cuda-alloc-conf)",,,0,469762048,,,oom,"OutOfMemoryError: CUDA out of memory. Tried to allocate 4.64 GiB. GPU 0 has a total capacity of 7.52 GiB of which 3.62 GiB is free. Including non-PyTorch memory, this process has 3.80 GiB memory in use. Of the allocated memory 3.39 GiB is allocated by PyTorch, and 280.47 MiB is reserved by PyTorch but unallocated. If reserved but unallocated memory is large try setting PYTORCH_CUDA_ALLOC_CONF=expandable_segments:True to avoid fragmentation.  See documentation for Memory Management  (https://docs.pytorch.org/docs/stable/notes/cuda.html#optimizing-memory-usage-with-pytorch-cuda-alloc-conf)",3121901568,4678316032,1556414464,5213519872,,3884843008,8073838592,0.0,,,,,,,4.0,hqq,28,12,2,128,results/results_5060_qwen25_1p5b_arch.csv,rtx5060_arch,RTX 5060,1.44952392578125,4.357021331787109
/home/ssu/models/Qwen2.5-1.5B-Instruct,NVIDIA GeForce RTX 5060,fp16,quantized,4,512,64,ok,,1135.0605460029328,225.53862954843515,256,58720256,58720256.0,1.0,ok,,3121901568,3277945344,156043776,3491758080,4499308544.0,4329439232,8073838592,8.0,89.25,100.0,50.75,62.0,117.75,132.26,4.0,hqq,28,12,2,128,results/results_5060_qwen25_1p5b_arch.csv,rtx5060_arch,RTX 5060,0.14532709121704102,3.0528244972229004
/home/ssu/models/Qwen2.5-1.5B-Instruct,NVIDIA GeForce RTX 5060,fp16,quantized,4,1024,64,ok,,1390.7928359985815,184.06767231885644,256,117440512,117440512.0,1.0,ok,,3121901568,3427695104,305793536,3672113152,4499308544.0,4149084160,8073838592,9.0,96.0,100.0,42.333333333333336,63.0,115.61333333333332,132.49,4.0,hqq,28,12,2,128,results/results_5060_qwen25_1p5b_arch.csv,rtx5060_arch,RTX 5060,0.284792423248291,3.1922898292541504
/home/ssu/models/Qwen2.5-1.5B-Instruct,NVIDIA GeForce RTX 5060,fp16,quantized,4,2048,64,ok,,1931.9982689994504,132.50529470328053,256,234881024,234881024.0,1.0,ok,,3121901568,3733486080,611584512,4072669184,4499308544.0,3748528128,8073838592,11.0,86.18181818181819,100.0,57.36363636363637,71.0,129.95909090909092,140.43,4.0,hqq,28,12,2,128,results/results_5060_qwen25_1p5b_arch.csv,rtx5060_arch,RTX 5060,0.569582462310791,3.4770798683166504
/home/ssu/models/Qwen2.5-1.5B-Instruct,NVIDIA GeForce RTX 5060,fp16,quantized,4,4096,64,oom,"OutOfMemoryError: CUDA out of memory. Tried to allocate 4.64 GiB. GPU 0 has a total capacity of 7.52 GiB of which 3.59 GiB is free. Including non-PyTorch memory, this process has 3.83 GiB memory in use. Of the allocated memory 3.39 GiB is allocated by PyTorch, and 308.47 MiB is reserved by PyTorch but unallocated. If reserved but unallocated memory is large try setting PYTORCH_CUDA_ALLOC_CONF=expandable_segments:True to avoid fragmentation.  See documentation for Memory Management  (https://docs.pytorch.org/docs/stable/notes/cuda.html#optimizing-memory-usage-with-pytorch-cuda-alloc-conf)",,,0,469762048,,,oom,"OutOfMemoryError: CUDA out of memory. Tried to allocate 4.64 GiB. GPU 0 has a total capacity of 7.52 GiB of which 3.59 GiB is free. Including non-PyTorch memory, this process has 3.83 GiB memory in use. Of the allocated memory 3.39 GiB is allocated by PyTorch, and 308.47 MiB is reserved by PyTorch but unallocated. If reserved but unallocated memory is large try setting PYTORCH_CUDA_ALLOC_CONF=expandable_segments:True to avoid fragmentation.  See documentation for Memory Management  (https://docs.pytorch.org/docs/stable/notes/cuda.html#optimizing-memory-usage-with-pytorch-cuda-alloc-conf)",3121901568,4676186112,1554284544,4951375872,,3855482880,8073838592,0.0,,,,,,,4.0,hqq,28,12,2,128,results/results_5060_qwen25_1p5b_arch.csv,rtx5060_arch,RTX 5060,1.447540283203125,4.355037689208984
/home/ssu/models/Qwen2.5-1.5B-Instruct,NVIDIA GeForce RTX 5060,fp16,quantized,4,8192,64,oom,"OutOfMemoryError: CUDA out of memory. Tried to allocate 9.27 GiB. GPU 0 has a total capacity of 7.52 GiB of which 2.97 GiB is free. Including non-PyTorch memory, this process has 4.45 GiB memory in use. Of the allocated memory 3.88 GiB is allocated by PyTorch, and 448.22 MiB is reserved by PyTorch but unallocated. If reserved but unallocated memory is large try setting PYTORCH_CUDA_ALLOC_CONF=expandable_segments:True to avoid fragmentation.  See documentation for Memory Management  (https://docs.pytorch.org/docs/stable/notes/cuda.html#optimizing-memory-usage-with-pytorch-cuda-alloc-conf)",,,0,939524096,,,oom,"OutOfMemoryError: CUDA out of memory. Tried to allocate 9.27 GiB. GPU 0 has a total capacity of 7.52 GiB of which 2.97 GiB is free. Including non-PyTorch memory, this process has 4.45 GiB memory in use. Of the allocated memory 3.88 GiB is allocated by PyTorch, and 448.22 MiB is reserved by PyTorch but unallocated. If reserved but unallocated memory is large try setting PYTORCH_CUDA_ALLOC_CONF=expandable_segments:True to avoid fragmentation.  See documentation for Memory Management  (https://docs.pytorch.org/docs/stable/notes/cuda.html#optimizing-memory-usage-with-pytorch-cuda-alloc-conf)",3121901568,6230470656,3108569088,7182745600,,3188588544,8073838592,0.0,,,,,,,4.0,hqq,28,12,2,128,results/results_5060_qwen25_1p5b_arch.csv,rtx5060_arch,RTX 5060,2.89508056640625,5.802577972412109
/home/ssu/models/Qwen2.5-1.5B-Instruct,NVIDIA GeForce RTX 5060,fp16,quantized,8,512,64,ok,,1373.5118889962905,372.76706820073457,512,117440512,117440512.0,1.0,ok,,3121901568,3427695104,305793536,3678404608,4499308544.0,4142792704,8073838592,9.0,94.66666666666669,100.0,50.11111111111112,64.0,123.69777777777776,138.34,4.0,hqq,28,12,2,128,results/results_5060_qwen25_1p5b_arch.csv,rtx5060_arch,RTX 5060,0.284792423248291,3.1922898292541504
/home/ssu/models/Qwen2.5-1.5B-Instruct,NVIDIA GeForce RTX 5060,fp16,quantized,8,1024,64,ok,,1890.6641680005123,270.8043071136583,512,234881024,234881024.0,1.0,ok,,3121901568,3733486080,611584512,4081057792,4499308544.0,3740139520,8073838592,11.0,92.0909090909091,100.0,58.18181818181818,70.0,131.25181818181815,142.39,4.0,hqq,28,12,2,128,results/results_5060_qwen25_1p5b_arch.csv,rtx5060_arch,RTX 5060,0.569582462310791,3.4770798683166504
/home/ssu/models/Qwen2.5-1.5B-Instruct,NVIDIA GeForce RTX 5060,fp16,quantized,8,2048,64,oom,"OutOfMemoryError: CUDA out of memory. Tried to allocate 4.64 GiB. GPU 0 has a total capacity of 7.52 GiB of which 3.59 GiB is free. Including non-PyTorch memory, this process has 3.83 GiB memory in use. Of the allocated memory 3.39 GiB is allocated by PyTorch, and 308.47 MiB is reserved by PyTorch but unallocated. If reserved but unallocated memory is large try setting PYTORCH_CUDA_ALLOC_CONF=expandable_segments:True to avoid fragmentation.  See documentation for Memory Management  (https://docs.pytorch.org/docs/stable/notes/cuda.html#optimizing-memory-usage-with-pytorch-cuda-alloc-conf)",,,0,469762048,,,oom,"OutOfMemoryError: CUDA out of memory. Tried to allocate 4.64 GiB. GPU 0 has a total capacity of 7.52 GiB of which 3.59 GiB is free. Including non-PyTorch memory, this process has 3.83 GiB memory in use. Of the allocated memory 3.39 GiB is allocated by PyTorch, and 308.47 MiB is reserved by PyTorch but unallocated. If reserved but unallocated memory is large try setting PYTORCH_CUDA_ALLOC_CONF=expandable_segments:True to avoid fragmentation.  See documentation for Memory Management  (https://docs.pytorch.org/docs/stable/notes/cuda.html#optimizing-memory-usage-with-pytorch-cuda-alloc-conf)",3121901568,4675121152,1553219584,4951375872,,3855482880,8073838592,0.0,,,,,,,4.0,hqq,28,12,2,128,results/results_5060_qwen25_1p5b_arch.csv,rtx5060_arch,RTX 5060,1.4465484619140625,4.354045867919922
/home/ssu/models/Qwen2.5-1.5B-Instruct,NVIDIA GeForce RTX 5060,fp16,quantized,8,4096,64,oom,"OutOfMemoryError: CUDA out of memory. Tried to allocate 9.27 GiB. GPU 0 has a total capacity of 7.52 GiB of which 2.99 GiB is free. Including non-PyTorch memory, this process has 4.43 GiB memory in use. Of the allocated memory 3.88 GiB is allocated by PyTorch, and 428.22 MiB is reserved by PyTorch but unallocated. If reserved but unallocated memory is large try setting PYTORCH_CUDA_ALLOC_CONF=expandable_segments:True to avoid fragmentation.  See documentation for Memory Management  (https://docs.pytorch.org/docs/stable/notes/cuda.html#optimizing-memory-usage-with-pytorch-cuda-alloc-conf)",,,0,939524096,,,oom,"OutOfMemoryError: CUDA out of memory. Tried to allocate 9.27 GiB. GPU 0 has a total capacity of 7.52 GiB of which 2.99 GiB is free. Including non-PyTorch memory, this process has 4.43 GiB memory in use. Of the allocated memory 3.88 GiB is allocated by PyTorch, and 428.22 MiB is reserved by PyTorch but unallocated. If reserved but unallocated memory is large try setting PYTORCH_CUDA_ALLOC_CONF=expandable_segments:True to avoid fragmentation.  See documentation for Memory Management  (https://docs.pytorch.org/docs/stable/notes/cuda.html#optimizing-memory-usage-with-pytorch-cuda-alloc-conf)",3121901568,6228340736,3106439168,6578765824,,3209560064,8073838592,0.0,,,,,,,4.0,hqq,28,12,2,128,results/results_5060_qwen25_1p5b_arch.csv,rtx5060_arch,RTX 5060,2.893096923828125,5.800594329833984
/home/ssu/models/Qwen2.5-1.5B-Instruct,NVIDIA GeForce RTX 5060,fp16,quantized,8,8192,64,oom,"OutOfMemoryError: CUDA out of memory. Tried to allocate 1.09 GiB. GPU 0 has a total capacity of 7.52 GiB of which 708.88 MiB is free. Including non-PyTorch memory, this process has 6.73 GiB memory in use. Of the allocated memory 5.72 GiB is allocated by PyTorch, and 887.66 MiB is reserved by PyTorch but unallocated. If reserved but unallocated memory is large try setting PYTORCH_CUDA_ALLOC_CONF=expandable_segments:True to avoid fragmentation.  See documentation for Memory Management  (https://docs.pytorch.org/docs/stable/notes/cuda.html#optimizing-memory-usage-with-pytorch-cuda-alloc-conf)",,,0,1879048192,,,oom,"OutOfMemoryError: CUDA out of memory. Tried to allocate 1.09 GiB. GPU 0 has a total capacity of 7.52 GiB of which 708.88 MiB is free. Including non-PyTorch memory, this process has 6.73 GiB memory in use. Of the allocated memory 5.72 GiB is allocated by PyTorch, and 887.66 MiB is reserved by PyTorch but unallocated. If reserved but unallocated memory is large try setting PYTORCH_CUDA_ALLOC_CONF=expandable_segments:True to avoid fragmentation.  See documentation for Memory Management  (https://docs.pytorch.org/docs/stable/notes/cuda.html#optimizing-memory-usage-with-pytorch-cuda-alloc-conf)",3121901568,6228340736,3106439168,7501512704,,743309312,8073838592,0.0,,,,,,,4.0,hqq,28,12,2,128,results/results_5060_qwen25_1p5b_arch.csv,rtx5060_arch,RTX 5060,2.893096923828125,5.800594329833984
/home/ssu/models/Qwen2.5-1.5B-Instruct,NVIDIA GeForce RTX 5060,fp16,no_cache,1,512,64,ok,,3265.1176969957305,19.60113108905296,64,14680064,14680064.0,1.0,ok,,3121901568,3162061824,40160256,3365928960,4499308544.0,4455268352,8073838592,17.0,97.88235294117646,100.0,46.41176470588236,47.0,139.79352941176472,147.62,,,28,12,2,128,results/results_5060_qwen25_1p5b_arch.csv,rtx5060_arch,RTX 5060,0.03740215301513672,2.944899559020996
/home/ssu/models/Qwen2.5-1.5B-Instruct,NVIDIA GeForce RTX 5060,fp16,no_cache,1,1024,64,ok,,6063.465879000432,10.555019402624303,64,29360128,29360128.0,1.0,ok,,3121901568,3195531264,73629696,3445620736,4499308544.0,4375576576,8073838592,30.0,98.3,99.0,42.06666666666667,47.0,143.3716666666667,147.32,,,28,12,2,128,results/results_5060_qwen25_1p5b_arch.csv,rtx5060_arch,RTX 5060,0.068572998046875,2.9760704040527344
/home/ssu/models/Qwen2.5-1.5B-Instruct,NVIDIA GeForce RTX 5060,fp16,no_cache,1,2048,64,ok,,11997.62746399938,5.334388002298061,64,58720256,58720256.0,1.0,ok,,3121901568,3263746048,141844480,3613392896,4499308544.0,4207804416,8073838592,57.0,99.2280701754386,100.0,36.66666666666666,38.0,144.32631578947377,147.68,,,28,12,2,128,results/results_5060_qwen25_1p5b_arch.csv,rtx5060_arch,RTX 5060,0.13210296630859375,3.039600372314453
/home/ssu/models/Qwen2.5-1.5B-Instruct,NVIDIA GeForce RTX 5060,fp16,no_cache,1,4096,64,ok,,25375.64154100255,2.5221037228393737,64,117440512,117440512.0,1.0,ok,,3121901568,3404620288,282718720,3871342592,4499308544.0,3949854720,8073838592,117.0,99.64957264957263,100.0,35.53846153846154,37.0,144.7219658119657,147.37,,,28,12,2,128,results/results_5060_qwen25_1p5b_arch.csv,rtx5060_arch,RTX 5060,0.2633023262023926,3.170799732208252
/home/ssu/models/Qwen2.5-1.5B-Instruct,NVIDIA GeForce RTX 5060,fp16,no_cache,1,8192,64,ok,,56208.58085699729,1.1386161867851672,64,234881024,234881024.0,1.0,ok,,3121901568,3675939328,554037760,4431282176,4499308544.0,3389915136,8073838592,255.0,99.90196078431372,100.0,47.50196078431373,49.0,144.93725490196078,145.46,,,28,12,2,128,results/results_5060_qwen25_1p5b_arch.csv,rtx5060_arch,RTX 5060,0.5159878730773926,3.423485279083252
/home/ssu/models/Qwen2.5-1.5B-Instruct,NVIDIA GeForce RTX 5060,fp16,no_cache,2,512,64,ok,,6168.962478994217,20.749032018892912,128,29360128,29360128.0,1.0,ok,,3121901568,3203271168,81369600,3443523584,4499308544.0,4377673728,8073838592,30.0,98.6,100.0,42.7,48.0,143.3733333333333,146.47,,,28,12,2,128,results/results_5060_qwen25_1p5b_arch.csv,rtx5060_arch,RTX 5060,0.07578134536743164,2.983278751373291
/home/ssu/models/Qwen2.5-1.5B-Instruct,NVIDIA GeForce RTX 5060,fp16,no_cache,2,1024,64,ok,,11907.256402002531,10.749747521895411,128,58720256,58720256.0,1.0,ok,,3121901568,3273058816,151157248,3613392896,4499308544.0,4207804416,8073838592,56.0,99.01785714285714,100.0,37.48214285714285,41.0,144.31678571428571,146.16,,,28,12,2,128,results/results_5060_qwen25_1p5b_arch.csv,rtx5060_arch,RTX 5060,0.1407761573791504,3.0482735633850098
/home/ssu/models/Qwen2.5-1.5B-Instruct,NVIDIA GeForce RTX 5060,fp16,no_cache,2,2048,64,ok,,24438.559230002284,5.237624640443586,128,117440512,117440512.0,1.0,ok,,3121901568,3408333312,286431744,4104126464,4499308544.0,3717070848,8073838592,112.0,99.32142857142856,100.0,36.92857142857143,38.0,144.6983035714285,147.82,,,28,12,2,128,results/results_5060_qwen25_1p5b_arch.csv,rtx5060_arch,RTX 5060,0.26676034927368164,3.174257755279541
/home/ssu/models/Qwen2.5-1.5B-Instruct,NVIDIA GeForce RTX 5060,fp16,no_cache,2,4096,64,ok,,51841.10684700136,2.4690830845445944,128,234881024,234881024.0,1.0,ok,,3121901568,3679684096,557782528,4884267008,4499308544.0,2936930304,8073838592,235.0,99.67234042553191,100.0,51.680851063829785,53.0,144.92523404255326,145.26,,,28,12,2,128,results/results_5060_qwen25_1p5b_arch.csv,rtx5060_arch,RTX 5060,0.5194754600524902,3.4269728660583496
/home/ssu/models/Qwen2.5-1.5B-Instruct,NVIDIA GeForce RTX 5060,fp16,no_cache,2,8192,64,oom,"OutOfMemoryError: CUDA out of memory. Tried to allocate 4.64 GiB. GPU 0 has a total capacity of 7.52 GiB of which 3.62 GiB is free. Including non-PyTorch memory, this process has 3.80 GiB memory in use. Of the allocated memory 3.39 GiB is allocated by PyTorch, and 280.47 MiB is reserved by PyTorch but unallocated. If reserved but unallocated memory is large try setting PYTORCH_CUDA_ALLOC_CONF=expandable_segments:True to avoid fragmentation.  See documentation for Memory Management  (https://docs.pytorch.org/docs/stable/notes/cuda.html#optimizing-memory-usage-with-pytorch-cuda-alloc-conf)",,,0,469762048,,,oom,"OutOfMemoryError: CUDA out of memory. Tried to allocate 4.64 GiB. GPU 0 has a total capacity of 7.52 GiB of which 3.62 GiB is free. Including non-PyTorch memory, this process has 3.80 GiB memory in use. Of the allocated memory 3.39 GiB is allocated by PyTorch, and 280.47 MiB is reserved by PyTorch but unallocated. If reserved but unallocated memory is large try setting PYTORCH_CUDA_ALLOC_CONF=expandable_segments:True to avoid fragmentation.  See documentation for Memory Management  (https://docs.pytorch.org/docs/stable/notes/cuda.html#optimizing-memory-usage-with-pytorch-cuda-alloc-conf)",3121901568,4678316032,1556414464,5213519872,,3884843008,8073838592,0.0,,,,,,,,,28,12,2,128,results/results_5060_qwen25_1p5b_arch.csv,rtx5060_arch,RTX 5060,1.44952392578125,4.357021331787109
/home/ssu/models/Qwen2.5-1.5B-Instruct,NVIDIA GeForce RTX 5060,fp16,no_cache,4,512,64,ok,,12064.036335999845,21.220095237617933,256,58720256,58720256.0,1.0,ok,,3121901568,3282736640,160835072,3739222016,4499308544.0,4081975296,8073838592,57.0,98.56140350877192,100.0,37.89473684210526,45.0,144.57298245614035,148.22,,,28,12,2,128,results/results_5060_qwen25_1p5b_arch.csv,rtx5060_arch,RTX 5060,0.14978933334350586,3.0572867393493652
/home/ssu/models/Qwen2.5-1.5B-Instruct,NVIDIA GeForce RTX 5060,fp16,no_cache,4,1024,64,ok,,24230.687922994548,10.565114816945002,256,117440512,117440512.0,1.0,ok,,3121901568,3417851392,295949824,4343201792,4499308544.0,3477995520,8073838592,111.0,99.5945945945946,100.0,38.16216216216216,39.0,144.71936936936933,147.77,,,28,12,2,128,results/results_5060_qwen25_1p5b_arch.csv,rtx5060_arch,RTX 5060,0.27562475204467773,3.183122158050537
/home/ssu/models/Qwen2.5-1.5B-Instruct,NVIDIA GeForce RTX 5060,fp16,no_cache,4,2048,64,ok,,49841.47962299903,5.136284113882335,256,234881024,234881024.0,1.0,ok,,3121901568,3689266688,567365120,5343543296,4499308544.0,2477654016,8073838592,226.0,99.86283185840708,100.0,54.13716814159292,55.0,144.917389380531,145.26,,,28,12,2,128,results/results_5060_qwen25_1p5b_arch.csv,rtx5060_arch,RTX 5060,0.5283999443054199,3.4358973503112793
/home/ssu/models/Qwen2.5-1.5B-Instruct,NVIDIA GeForce RTX 5060,fp16,no_cache,4,4096,64,oom,"OutOfMemoryError: CUDA out of memory. Tried to allocate 4.64 GiB. GPU 0 has a total capacity of 7.52 GiB of which 3.59 GiB is free. Including non-PyTorch memory, this process has 3.83 GiB memory in use. Of the allocated memory 3.39 GiB is allocated by PyTorch, and 308.47 MiB is reserved by PyTorch but unallocated. If reserved but unallocated memory is large try setting PYTORCH_CUDA_ALLOC_CONF=expandable_segments:True to avoid fragmentation.  See documentation for Memory Management  (https://docs.pytorch.org/docs/stable/notes/cuda.html#optimizing-memory-usage-with-pytorch-cuda-alloc-conf)",,,0,469762048,,,oom,"OutOfMemoryError: CUDA out of memory. Tried to allocate 4.64 GiB. GPU 0 has a total capacity of 7.52 GiB of which 3.59 GiB is free. Including non-PyTorch memory, this process has 3.83 GiB memory in use. Of the allocated memory 3.39 GiB is allocated by PyTorch, and 308.47 MiB is reserved by PyTorch but unallocated. If reserved but unallocated memory is large try setting PYTORCH_CUDA_ALLOC_CONF=expandable_segments:True to avoid fragmentation.  See documentation for Memory Management  (https://docs.pytorch.org/docs/stable/notes/cuda.html#optimizing-memory-usage-with-pytorch-cuda-alloc-conf)",3121901568,4676186112,1554284544,5343543296,,3855482880,8073838592,0.0,,,,,,,,,28,12,2,128,results/results_5060_qwen25_1p5b_arch.csv,rtx5060_arch,RTX 5060,1.447540283203125,4.355037689208984
/home/ssu/models/Qwen2.5-1.5B-Instruct,NVIDIA GeForce RTX 5060,fp16,no_cache,4,8192,64,oom,"OutOfMemoryError: CUDA out of memory. Tried to allocate 9.27 GiB. GPU 0 has a total capacity of 7.52 GiB of which 2.97 GiB is free. Including non-PyTorch memory, this process has 4.45 GiB memory in use. Of the allocated memory 3.88 GiB is allocated by PyTorch, and 448.22 MiB is reserved by PyTorch but unallocated. If reserved but unallocated memory is large try setting PYTORCH_CUDA_ALLOC_CONF=expandable_segments:True to avoid fragmentation.  See documentation for Memory Management  (https://docs.pytorch.org/docs/stable/notes/cuda.html#optimizing-memory-usage-with-pytorch-cuda-alloc-conf)",,,0,939524096,,,oom,"OutOfMemoryError: CUDA out of memory. Tried to allocate 9.27 GiB. GPU 0 has a total capacity of 7.52 GiB of which 2.97 GiB is free. Including non-PyTorch memory, this process has 4.45 GiB memory in use. Of the allocated memory 3.88 GiB is allocated by PyTorch, and 448.22 MiB is reserved by PyTorch but unallocated. If reserved but unallocated memory is large try setting PYTORCH_CUDA_ALLOC_CONF=expandable_segments:True to avoid fragmentation.  See documentation for Memory Management  (https://docs.pytorch.org/docs/stable/notes/cuda.html#optimizing-memory-usage-with-pytorch-cuda-alloc-conf)",3121901568,6230470656,3108569088,7182745600,,3188588544,8073838592,0.0,,,,,,,,,28,12,2,128,results/results_5060_qwen25_1p5b_arch.csv,rtx5060_arch,RTX 5060,2.89508056640625,5.802577972412109
/home/ssu/models/Qwen2.5-1.5B-Instruct,NVIDIA GeForce RTX 5060,fp16,no_cache,8,512,64,ok,,24666.005799997947,20.75731288444125,512,117440512,117440512.0,1.0,ok,,3121901568,3439793664,317892096,4840226816,4499308544.0,2980970496,8073838592,113.0,99.75221238938052,100.0,39.29203539823009,41.0,144.78964601769906,147.84,,,28,12,2,128,results/results_5060_qwen25_1p5b_arch.csv,rtx5060_arch,RTX 5060,0.29606008529663086,3.2035574913024902
/home/ssu/models/Qwen2.5-1.5B-Instruct,NVIDIA GeForce RTX 5060,fp16,no_cache,8,1024,64,ok,,49363.34721700405,10.372068120689208,512,234881024,234881024.0,1.0,ok,,3121901568,3711524352,589622784,6280970240,4499308544.0,1540227072,8073838592,224.0,99.625,100.0,55.348214285714285,57.0,144.9404464285715,147.74,,,28,12,2,128,results/results_5060_qwen25_1p5b_arch.csv,rtx5060_arch,RTX 5060,0.5491290092468262,3.4566264152526855
/home/ssu/models/Qwen2.5-1.5B-Instruct,NVIDIA GeForce RTX 5060,fp16,no_cache,8,2048,64,oom,"OutOfMemoryError: CUDA out of memory. Tried to allocate 4.64 GiB. GPU 0 has a total capacity of 7.52 GiB of which 3.59 GiB is free. Including non-PyTorch memory, this process has 3.83 GiB memory in use. Of the allocated memory 3.39 GiB is allocated by PyTorch, and 308.47 MiB is reserved by PyTorch but unallocated. If reserved but unallocated memory is large try setting PYTORCH_CUDA_ALLOC_CONF=expandable_segments:True to avoid fragmentation.  See documentation for Memory Management  (https://docs.pytorch.org/docs/stable/notes/cuda.html#optimizing-memory-usage-with-pytorch-cuda-alloc-conf)",,,0,469762048,,,oom,"OutOfMemoryError: CUDA out of memory. Tried to allocate 4.64 GiB. GPU 0 has a total capacity of 7.52 GiB of which 3.59 GiB is free. Including non-PyTorch memory, this process has 3.83 GiB memory in use. Of the allocated memory 3.39 GiB is allocated by PyTorch, and 308.47 MiB is reserved by PyTorch but unallocated. If reserved but unallocated memory is large try setting PYTORCH_CUDA_ALLOC_CONF=expandable_segments:True to avoid fragmentation.  See documentation for Memory Management  (https://docs.pytorch.org/docs/stable/notes/cuda.html#optimizing-memory-usage-with-pytorch-cuda-alloc-conf)",3121901568,4675121152,1553219584,6280970240,,3855482880,8073838592,0.0,,,,,,,,,28,12,2,128,results/results_5060_qwen25_1p5b_arch.csv,rtx5060_arch,RTX 5060,1.4465484619140625,4.354045867919922
/home/ssu/models/Qwen2.5-1.5B-Instruct,NVIDIA GeForce RTX 5060,fp16,no_cache,8,4096,64,oom,"OutOfMemoryError: CUDA out of memory. Tried to allocate 9.27 GiB. GPU 0 has a total capacity of 7.52 GiB of which 2.99 GiB is free. Including non-PyTorch memory, this process has 4.43 GiB memory in use. Of the allocated memory 3.88 GiB is allocated by PyTorch, and 428.22 MiB is reserved by PyTorch but unallocated. If reserved but unallocated memory is large try setting PYTORCH_CUDA_ALLOC_CONF=expandable_segments:True to avoid fragmentation.  See documentation for Memory Management  (https://docs.pytorch.org/docs/stable/notes/cuda.html#optimizing-memory-usage-with-pytorch-cuda-alloc-conf)",,,0,939524096,,,oom,"OutOfMemoryError: CUDA out of memory. Tried to allocate 9.27 GiB. GPU 0 has a total capacity of 7.52 GiB of which 2.99 GiB is free. Including non-PyTorch memory, this process has 4.43 GiB memory in use. Of the allocated memory 3.88 GiB is allocated by PyTorch, and 428.22 MiB is reserved by PyTorch but unallocated. If reserved but unallocated memory is large try setting PYTORCH_CUDA_ALLOC_CONF=expandable_segments:True to avoid fragmentation.  See documentation for Memory Management  (https://docs.pytorch.org/docs/stable/notes/cuda.html#optimizing-memory-usage-with-pytorch-cuda-alloc-conf)",3121901568,6228340736,3106439168,6578765824,,3209560064,8073838592,0.0,,,,,,,,,28,12,2,128,results/results_5060_qwen25_1p5b_arch.csv,rtx5060_arch,RTX 5060,2.893096923828125,5.800594329833984
/home/ssu/models/Qwen2.5-1.5B-Instruct,NVIDIA GeForce RTX 5060,fp16,no_cache,8,8192,64,oom,"OutOfMemoryError: CUDA out of memory. Tried to allocate 1.09 GiB. GPU 0 has a total capacity of 7.52 GiB of which 708.88 MiB is free. Including non-PyTorch memory, this process has 6.73 GiB memory in use. Of the allocated memory 5.72 GiB is allocated by PyTorch, and 887.66 MiB is reserved by PyTorch but unallocated. If reserved but unallocated memory is large try setting PYTORCH_CUDA_ALLOC_CONF=expandable_segments:True to avoid fragmentation.  See documentation for Memory Management  (https://docs.pytorch.org/docs/stable/notes/cuda.html#optimizing-memory-usage-with-pytorch-cuda-alloc-conf)",,,0,1879048192,,,oom,"OutOfMemoryError: CUDA out of memory. Tried to allocate 1.09 GiB. GPU 0 has a total capacity of 7.52 GiB of which 708.88 MiB is free. Including non-PyTorch memory, this process has 6.73 GiB memory in use. Of the allocated memory 5.72 GiB is allocated by PyTorch, and 887.66 MiB is reserved by PyTorch but unallocated. If reserved but unallocated memory is large try setting PYTORCH_CUDA_ALLOC_CONF=expandable_segments:True to avoid fragmentation.  See documentation for Memory Management  (https://docs.pytorch.org/docs/stable/notes/cuda.html#optimizing-memory-usage-with-pytorch-cuda-alloc-conf)",3121901568,6228340736,3106439168,7501512704,,743309312,8073838592,0.0,,,,,,,,,28,12,2,128,results/results_5060_qwen25_1p5b_arch.csv,rtx5060_arch,RTX 5060,2.893096923828125,5.800594329833984
Qwen/Qwen2.5-1.5B-Instruct,NVIDIA GeForce RTX 5080,fp16,dynamic,1,512,64,ok,,541.0955609986559,118.27855301913849,64,14680064,14680064.0,1.0,,,3088347136,3147741696,59394560,3355443200,12576292864.0,12532252672,16600596480,,,,,,,,,,28,12,2,128,results/results_5080_qwen25_1p5b.csv,rtx5080_existing,RTX 5080,0.055315494537353516,2.931562900543213
Qwen/Qwen2.5-1.5B-Instruct,NVIDIA GeForce RTX 5080,fp16,dynamic,1,1024,64,ok,,550.4637990088668,116.26559296948264,64,29360128,29360128.0,1.0,,,3097915392,3196516864,98601472,3430940672,12576292864.0,12456755200,16600596480,,,,,,,,,,28,12,2,128,results/results_5080_qwen25_1p5b.csv,rtx5080_existing,RTX 5080,0.09182977676391602,2.9769883155822754
Qwen/Qwen2.5-1.5B-Instruct,NVIDIA GeForce RTX 5080,fp16,dynamic,1,2048,64,ok,,582.6635359990178,109.84040710607964,64,58720256,58720256.0,1.0,,,3097915392,3296164352,198248960,3529506816,12576292864.0,12358189056,16600596480,,,,,,,,,,28,12,2,128,results/results_5080_qwen25_1p5b.csv,rtx5080_existing,RTX 5080,0.18463373184204102,3.0697922706604004
Qwen/Qwen2.5-1.5B-Instruct,NVIDIA GeForce RTX 5080,fp16,dynamic,1,4096,64,ok,,667.8046259912662,95.83641309013188,64,117440512,117440512.0,1.0,,,3097915392,3488119296,390203904,3705667584,12576292864.0,12182028288,16600596480,,,,,,,,,,28,12,2,128,results/results_5080_qwen25_1p5b.csv,rtx5080_existing,RTX 5080,0.363405704498291,3.2485642433166504
Qwen/Qwen2.5-1.5B-Instruct,NVIDIA GeForce RTX 5080,fp16,dynamic,1,8192,64,ok,,858.4614910068922,74.5519754473019,64,234881024,234881024.0,1.0,,,3097915392,3878320640,780405248,4120903680,12576292864.0,11766792192,16600596480,,,,,,,,,,28,12,2,128,results/results_5080_qwen25_1p5b.csv,rtx5080_existing,RTX 5080,0.726809024810791,3.6119675636291504
Qwen/Qwen2.5-1.5B-Instruct,NVIDIA GeForce RTX 5080,fp16,dynamic,2,512,64,ok,,577.6729849894764,221.57864973092316,128,29360128,29360128.0,1.0,,,3097915392,3196516864,98601472,3428843520,12576292864.0,12458852352,16600596480,,,,,,,,,,28,12,2,128,results/results_5080_qwen25_1p5b.csv,rtx5080_existing,RTX 5080,0.09182977676391602,2.9769883155822754
Qwen/Qwen2.5-1.5B-Instruct,NVIDIA GeForce RTX 5080,fp16,dynamic,2,1024,64,ok,,611.2154400034342,209.41879347694623,128,58720256,58720256.0,1.0,,,3097915392,3296164352,198248960,3529506816,12576292864.0,12358189056,16600596480,,,,,,,,,,28,12,2,128,results/results_5080_qwen25_1p5b.csv,rtx5080_existing,RTX 5080,0.18463373184204102,3.0697922706604004
Qwen/Qwen2.5-1.5B-Instruct,NVIDIA GeForce RTX 5080,fp16,dynamic,2,2048,64,ok,,695.4400749964407,184.0561172731599,128,117440512,117440512.0,1.0,,,3097915392,3488119296,390203904,3705667584,12576292864.0,12182028288,16600596480,,,,,,,,,,28,12,2,128,results/results_5080_qwen25_1p5b.csv,rtx5080_existing,RTX 5080,0.363405704498291,3.2485642433166504
Qwen/Qwen2.5-1.5B-Instruct,NVIDIA GeForce RTX 5080,fp16,dynamic,2,4096,64,ok,,878.9788659923943,145.6235240144074,128,234881024,234881024.0,1.0,,,3097915392,3878320640,780405248,4120903680,12576292864.0,11766792192,16600596480,,,,,,,,,,28,12,2,128,results/results_5080_qwen25_1p5b.csv,rtx5080_existing,RTX 5080,0.726809024810791,3.6119675636291504
Qwen/Qwen2.5-1.5B-Instruct,NVIDIA GeForce RTX 5080,fp16,dynamic,2,8192,64,ok,,1287.9963259911165,99.3791654657894,128,469762048,469762048.0,1.0,,,3097915392,4658723328,1560807936,4930404352,12576292864.0,10957291520,16600596480,,,,,,,,,,28,12,2,128,results/results_5080_qwen25_1p5b.csv,rtx5080_existing,RTX 5080,1.453615665435791,4.33877420425415
Qwen/Qwen2.5-1.5B-Instruct,NVIDIA GeForce RTX 5080,fp16,dynamic,4,512,64,ok,,626.5892020019237,408.5611421040959,256,58720256,58720256.0,1.0,,,3097915392,3296164352,198248960,3529506816,12576292864.0,12358189056,16600596480,,,,,,,,,,28,12,2,128,results/results_5080_qwen25_1p5b.csv,rtx5080_existing,RTX 5080,0.18463373184204102,3.0697922706604004
Qwen/Qwen2.5-1.5B-Instruct,NVIDIA GeForce RTX 5080,fp16,dynamic,4,1024,64,ok,,699.7469430061756,365.84654289478,256,117440512,117440512.0,1.0,,,3097915392,3488119296,390203904,3705667584,12576292864.0,12182028288,16600596480,,,,,,,,,,28,12,2,128,results/results_5080_qwen25_1p5b.csv,rtx5080_existing,RTX 5080,0.363405704498291,3.2485642433166504
Qwen/Qwen2.5-1.5B-Instruct,NVIDIA GeForce RTX 5080,fp16,dynamic,4,2048,64,ok,,878.9898809918668,291.24339828704893,256,234881024,234881024.0,1.0,,,3097915392,3878320640,780405248,4120903680,12576292864.0,11766792192,16600596480,,,,,,,,,,28,12,2,128,results/results_5080_qwen25_1p5b.csv,rtx5080_existing,RTX 5080,0.726809024810791,3.6119675636291504
Qwen/Qwen2.5-1.5B-Instruct,NVIDIA GeForce RTX 5080,fp16,dynamic,4,4096,64,ok,,1252.1390420006355,204.4501380541332,256,469762048,469762048.0,1.0,,,3097915392,4658723328,1560807936,4930404352,12576292864.0,10957291520,16600596480,,,,,,,,,,28,12,2,128,results/results_5080_qwen25_1p5b.csv,rtx5080_existing,RTX 5080,1.453615665435791,4.33877420425415
Qwen/Qwen2.5-1.5B-Instruct,NVIDIA GeForce RTX 5080,fp16,dynamic,4,8192,64,ok,,2048.6911600019084,124.95782917312025,256,939524096,939524096.0,1.0,,,3097915392,6219528704,3121613312,7119831040,12576292864.0,8767864832,16600596480,,,,,,,,,,28,12,2,128,results/results_5080_qwen25_1p5b.csv,rtx5080_existing,RTX 5080,2.907228946685791,5.79238748550415
Qwen/Qwen2.5-1.5B-Instruct,NVIDIA GeForce RTX 5080,fp16,dynamic,8,512,64,ok,,691.2832589878235,740.651525034282,512,117440512,117440512.0,1.0,,,3097915392,3488119296,390203904,3705667584,12576292864.0,12182028288,16600596480,,,,,,,,,,28,12,2,128,results/results_5080_qwen25_1p5b.csv,rtx5080_existing,RTX 5080,0.363405704498291,3.2485642433166504
Qwen/Qwen2.5-1.5B-Instruct,NVIDIA GeForce RTX 5080,fp16,dynamic,8,1024,64,ok,,853.0097250040853,600.2276234277961,512,234881024,234881024.0,1.0,,,3097915392,3878320640,780405248,4120903680,12576292864.0,11766792192,16600596480,,,,,,,,,,28,12,2,128,results/results_5080_qwen25_1p5b.csv,rtx5080_existing,RTX 5080,0.726809024810791,3.6119675636291504
Qwen/Qwen2.5-1.5B-Instruct,NVIDIA GeForce RTX 5080,fp16,dynamic,8,2048,64,ok,,1201.3292759947944,426.1945581705932,512,469762048,469762048.0,1.0,,,3097915392,4658723328,1560807936,4930404352,12576292864.0,10957291520,16600596480,,,,,,,,,,28,12,2,128,results/results_5080_qwen25_1p5b.csv,rtx5080_existing,RTX 5080,1.453615665435791,4.33877420425415
Qwen/Qwen2.5-1.5B-Instruct,NVIDIA GeForce RTX 5080,fp16,dynamic,8,4096,64,ok,,1905.3114249982173,268.72247407033683,512,939524096,939524096.0,1.0,,,3097915392,6219528704,3121613312,7119831040,12576292864.0,8767864832,16600596480,,,,,,,,,,28,12,2,128,results/results_5080_qwen25_1p5b.csv,rtx5080_existing,RTX 5080,2.907228946685791,5.79238748550415
Qwen/Qwen2.5-1.5B-Instruct,NVIDIA GeForce RTX 5080,fp16,dynamic,8,8192,64,oom,"OutOfMemoryError: CUDA out of memory. Tried to allocate 18.55 GiB. GPU 0 has a total capacity of 15.46 GiB of which 9.12 GiB is free. Including non-PyTorch memory, this process has 5.98 GiB memory in use. Of the allocated memory 4.82 GiB is allocated by PyTorch, and 872.60 MiB is reserved by PyTorch but unallocated. If reserved but unallocated memory is large try setting PYTORCH_CUDA_ALLOC_CONF=expandable_segments:True to avoid fragmentation.  See documentation for Memory Management  (https://docs.pytorch.org/docs/stable/notes/cuda.html#optimizing-memory-usage-with-pytorch-cuda-alloc-conf)",,,0,1879048192,,,,,3097915392,9310793728,6212878336,9839837184,,9793372160,16600596480,,,,,,,,,,28,12,2,128,results/results_5080_qwen25_1p5b.csv,rtx5080_existing,RTX 5080,5.78619384765625,8.67135238647461
Qwen/Qwen2.5-1.5B-Instruct,NVIDIA GeForce RTX 5080,fp16,no_cache,1,512,64,ok,,1538.577858998906,41.5968549304631,64,14680064,14680064.0,1.0,,,3097915392,3137712128,39796736,3344957440,12490309632.0,12456755200,16600596480,,,,,,,,,,28,12,2,128,results/results_5080_qwen25_1p5b.csv,rtx5080_existing,RTX 5080,0.0370635986328125,2.922222137451172
Qwen/Qwen2.5-1.5B-Instruct,NVIDIA GeForce RTX 5080,fp16,no_cache,1,1024,64,ok,,2580.9682910039555,24.796895112223567,64,29360128,29360128.0,1.0,,,3097915392,3171545088,73629696,3433037824,12490309632.0,12368674816,16600596480,,,,,,,,,,28,12,2,128,results/results_5080_qwen25_1p5b.csv,rtx5080_existing,RTX 5080,0.068572998046875,2.9537315368652344
Qwen/Qwen2.5-1.5B-Instruct,NVIDIA GeForce RTX 5080,fp16,no_cache,1,2048,64,ok,,4943.084038997768,12.947382543990956,64,58720256,58720256.0,1.0,,,3097915392,3239759872,141844480,3630170112,12490309632.0,12171542528,16600596480,,,,,,,,,,28,12,2,128,results/results_5080_qwen25_1p5b.csv,rtx5080_existing,RTX 5080,0.13210296630859375,3.017261505126953
Qwen/Qwen2.5-1.5B-Instruct,NVIDIA GeForce RTX 5080,fp16,no_cache,1,4096,64,ok,,9646.576557002843,6.634478005934631,64,117440512,117440512.0,1.0,,,3097915392,3380634112,282718720,3858759680,12490309632.0,11942952960,16600596480,,,,,,,,,,28,12,2,128,results/results_5080_qwen25_1p5b.csv,rtx5080_existing,RTX 5080,0.2633023262023926,3.148460865020752
Qwen/Qwen2.5-1.5B-Instruct,NVIDIA GeForce RTX 5080,fp16,no_cache,1,8192,64,ok,,21615.57696100499,2.960827745447531,64,234881024,234881024.0,1.0,,,3097915392,3651953152,554037760,4370464768,12490309632.0,11431247872,16600596480,,,,,,,,,,28,12,2,128,results/results_5080_qwen25_1p5b.csv,rtx5080_existing,RTX 5080,0.5159878730773926,3.401146411895752
Qwen/Qwen2.5-1.5B-Instruct,NVIDIA GeForce RTX 5080,fp16,no_cache,2,512,64,ok,,2558.5524110065307,50.02828921907642,128,29360128,29360128.0,1.0,,,3097915392,3179284992,81369600,3433037824,12490309632.0,12368674816,16600596480,,,,,,,,,,28,12,2,128,results/results_5080_qwen25_1p5b.csv,rtx5080_existing,RTX 5080,0.07578134536743164,2.960939884185791
Qwen/Qwen2.5-1.5B-Instruct,NVIDIA GeForce RTX 5080,fp16,no_cache,2,1024,64,ok,,4792.089206996025,26.71068806756172,128,58720256,58720256.0,1.0,,,3097915392,3249072640,151157248,3630170112,12490309632.0,12171542528,16600596480,,,,,,,,,,28,12,2,128,results/results_5080_qwen25_1p5b.csv,rtx5080_existing,RTX 5080,0.1407761573791504,3.0259346961975098
Qwen/Qwen2.5-1.5B-Instruct,NVIDIA GeForce RTX 5080,fp16,no_cache,2,2048,64,ok,,9135.117102006916,14.01186197951194,128,117440512,117440512.0,1.0,,,3097915392,3384347136,286431744,4091543552,12490309632.0,11710169088,16600596480,,,,,,,,,,28,12,2,128,results/results_5080_qwen25_1p5b.csv,rtx5080_existing,RTX 5080,0.26676034927368164,3.151918888092041
Qwen/Qwen2.5-1.5B-Instruct,NVIDIA GeForce RTX 5080,fp16,no_cache,2,4096,64,ok,,19650.815624001552,6.513724541980868,128,234881024,234881024.0,1.0,,,3097915392,3655697920,557782528,4823449600,12490309632.0,10978263040,16600596480,,,,,,,,,,28,12,2,128,results/results_5080_qwen25_1p5b.csv,rtx5080_existing,RTX 5080,0.5194754600524902,3.4046339988708496
Qwen/Qwen2.5-1.5B-Instruct,NVIDIA GeForce RTX 5080,fp16,no_cache,2,8192,64,ok,,43677.565359990695,2.930566274585669,128,469762048,469762048.0,1.0,,,3097915392,4201416192,1103500800,6316621824,12490309632.0,9485090816,16600596480,,,,,,,,,,28,12,2,128,results/results_5080_qwen25_1p5b.csv,rtx5080_existing,RTX 5080,1.0277152061462402,3.9128737449645996
Qwen/Qwen2.5-1.5B-Instruct,NVIDIA GeForce RTX 5080,fp16,no_cache,4,512,64,ok,,4761.452872000518,53.76510214044016,256,58720256,58720256.0,1.0,,,3097915392,3258619392,160704000,3755999232,12490309632.0,12045713408,16600596480,,,,,,,,,,28,12,2,128,results/results_5080_qwen25_1p5b.csv,rtx5080_existing,RTX 5080,0.14966726303100586,3.0348258018493652
Qwen/Qwen2.5-1.5B-Instruct,NVIDIA GeForce RTX 5080,fp16,no_cache,4,1024,64,ok,,9005.499205988599,28.427074851082285,256,117440512,117440512.0,1.0,,,3097915392,3393865216,295949824,4330618880,12490309632.0,11471093760,16600596480,,,,,,,,,,28,12,2,128,results/results_5080_qwen25_1p5b.csv,rtx5080_existing,RTX 5080,0.27562475204467773,3.160783290863037
Qwen/Qwen2.5-1.5B-Instruct,NVIDIA GeForce RTX 5080,fp16,no_cache,4,2048,64,ok,,18675.469210997107,13.707821587114587,256,234881024,234881024.0,1.0,,,3097915392,3665280512,567365120,5282725888,12490309632.0,10518986752,16600596480,,,,,,,,,,28,12,2,128,results/results_5080_qwen25_1p5b.csv,rtx5080_existing,RTX 5080,0.5283999443054199,3.4135584831237793
Qwen/Qwen2.5-1.5B-Instruct,NVIDIA GeForce RTX 5080,fp16,no_cache,4,4096,64,ok,,39936.81331400876,6.4101258652553055,256,469762048,469762048.0,1.0,,,3097915392,4210998784,1113083392,7216300032,12490309632.0,8585412608,16600596480,,,,,,,,,,28,12,2,128,results/results_5080_qwen25_1p5b.csv,rtx5080_existing,RTX 5080,1.03663969039917,3.9217982292175293
Qwen/Qwen2.5-1.5B-Instruct,NVIDIA GeForce RTX 5080,fp16,no_cache,4,8192,64,ok,,86730.7063430053,2.951665111403143,256,939524096,939524096.0,1.0,,,3097915392,5302435328,2204519936,11066671104,12490309632.0,4735041536,16600596480,,,,,,,,,,28,12,2,128,results/results_5080_qwen25_1p5b.csv,rtx5080_existing,RTX 5080,2.05311918258667,4.938277721405029
Qwen/Qwen2.5-1.5B-Instruct,NVIDIA GeForce RTX 5080,fp16,no_cache,8,512,64,ok,,9067.646103998411,56.46448859249499,512,117440512,117440512.0,1.0,,,3097915392,3415676416,317761024,4827643904,12490309632.0,10974068736,16600596480,,,,,,,,,,28,12,2,128,results/results_5080_qwen25_1p5b.csv,rtx5080_existing,RTX 5080,0.29593801498413086,3.1810965538024902
Qwen/Qwen2.5-1.5B-Instruct,NVIDIA GeForce RTX 5080,fp16,no_cache,8,1024,64,ok,,18389.172495997627,27.842470894839664,512,234881024,234881024.0,1.0,,,3097915392,3687747072,589831680,6220152832,12490309632.0,9581559808,16600596480,,,,,,,,,,28,12,2,128,results/results_5080_qwen25_1p5b.csv,rtx5080_existing,RTX 5080,0.549323558807373,3.4344820976257324
Qwen/Qwen2.5-1.5B-Instruct,NVIDIA GeForce RTX 5080,fp16,no_cache,8,2048,64,ok,,38170.54200099665,13.41348519459408,512,469762048,469762048.0,1.0,,,3097915392,4232939008,1135023616,9034530816,12490309632.0,6767181824,16600596480,,,,,,,,,,28,12,2,128,results/results_5080_qwen25_1p5b.csv,rtx5080_existing,RTX 5080,1.0570731163024902,3.9422316551208496
Qwen/Qwen2.5-1.5B-Instruct,NVIDIA GeForce RTX 5080,fp16,no_cache,8,4096,64,ok,,79389.88719999907,6.449184122282088,512,939524096,939524096.0,1.0,,,3097915392,5324375552,2226460160,14646509568,12490309632.0,1155203072,16600596480,,,,,,,,,,28,12,2,128,results/results_5080_qwen25_1p5b.csv,rtx5080_existing,RTX 5080,2.0735526084899902,4.95871114730835
Qwen/Qwen2.5-1.5B-Instruct,NVIDIA GeForce RTX 5080,fp16,no_cache,8,8192,64,oom,"OutOfMemoryError: CUDA out of memory. Tried to allocate 18.55 GiB. GPU 0 has a total capacity of 15.46 GiB of which 9.04 GiB is free. Including non-PyTorch memory, this process has 6.05 GiB memory in use. Of the allocated memory 4.82 GiB is allocated by PyTorch, and 872.60 MiB is reserved by PyTorch but unallocated. If reserved but unallocated memory is large try setting PYTORCH_CUDA_ALLOC_CONF=expandable_segments:True to avoid fragmentation.  See documentation for Memory Management  (https://docs.pytorch.org/docs/stable/notes/cuda.html#optimizing-memory-usage-with-pytorch-cuda-alloc-conf)",,,0,1879048192,,,,,3097915392,9310793728,6212878336,14646509568,,9707388928,16600596480,,,,,,,,,,28,12,2,128,results/results_5080_qwen25_1p5b.csv,rtx5080_existing,RTX 5080,5.78619384765625,8.67135238647461
Qwen/Qwen2.5-1.5B-Instruct,NVIDIA GeForce RTX 5080,fp16,quantized,1,512,64,ok,,233.8135460013291,68.4305946923582,16,14680064,14680064.0,1.0,,,3088347136,3137190400,48843264,3344957440,12576292864.0,12542738432,16600596480,,,,,,,,4,quanto_inferred_from_script,28,12,2,128,results/results_5080_qwen25_1p5b.csv,rtx5080_existing,RTX 5080,0.045488834381103516,2.921736240386963
Qwen/Qwen2.5-1.5B-Instruct,NVIDIA GeForce RTX 5080,fp16,quantized,1,1024,64,ok,,362.6151479984401,79.97459609747123,29,29360128,29360128.0,1.0,,,3097915392,3175414272,77498880,3391094784,12576292864.0,12496601088,16600596480,,,,,,,,4,quanto_inferred_from_script,28,12,2,128,results/results_5080_qwen25_1p5b.csv,rtx5080_existing,RTX 5080,0.07217645645141602,2.9573349952697754
Qwen/Qwen2.5-1.5B-Instruct,NVIDIA GeForce RTX 5080,fp16,quantized,1,2048,64,ok,,482.9947069956688,74.53497828977828,36,58720256,58720256.0,1.0,,,3097915392,3253959168,156043776,3477078016,12576292864.0,12410617856,16600596480,,,,,,,,4,quanto_inferred_from_script,28,12,2,128,results/results_5080_qwen25_1p5b.csv,rtx5080_existing,RTX 5080,0.14532709121704102,3.0304856300354004
Qwen/Qwen2.5-1.5B-Instruct,NVIDIA GeForce RTX 5080,fp16,quantized,1,4096,64,ok,,878.1802770099603,72.87797468864598,64,117440512,117440512.0,1.0,,,3097915392,3403708928,305793536,3655335936,12576292864.0,12232359936,16600596480,,,,,,,,4,quanto_inferred_from_script,28,12,2,128,results/results_5080_qwen25_1p5b.csv,rtx5080_existing,RTX 5080,0.284792423248291,3.1699509620666504
Qwen/Qwen2.5-1.5B-Instruct,NVIDIA GeForce RTX 5080,fp16,quantized,1,8192,64,ok,,1068.921533995308,59.87343127122456,64,234881024,234881024.0,1.0,,,3097915392,3709499904,611584512,4032823296,12576292864.0,11854872576,16600596480,,,,,,,,4,quanto_inferred_from_script,28,12,2,128,results/results_5080_qwen25_1p5b.csv,rtx5080_existing,RTX 5080,0.569582462310791,3.4547410011291504
Qwen/Qwen2.5-1.5B-Instruct,NVIDIA GeForce RTX 5080,fp16,quantized,2,512,64,ok,,217.05380200000943,147.42888493608882,32,29360128,29360128.0,1.0,,,3097915392,3175414272,77498880,3388997632,12576292864.0,12498698240,16600596480,,,,,,,,4,quanto_inferred_from_script,28,12,2,128,results/results_5080_qwen25_1p5b.csv,rtx5080_existing,RTX 5080,0.07217645645141602,2.9573349952697754
Qwen/Qwen2.5-1.5B-Instruct,NVIDIA GeForce RTX 5080,fp16,quantized,2,1024,64,ok,,492.6161309995223,146.1584293918906,72,58720256,58720256.0,1.0,,,3097915392,3253959168,156043776,3477078016,12576292864.0,12410617856,16600596480,,,,,,,,4,quanto_inferred_from_script,28,12,2,128,results/results_5080_qwen25_1p5b.csv,rtx5080_existing,RTX 5080,0.14532709121704102,3.0304856300354004
Qwen/Qwen2.5-1.5B-Instruct,NVIDIA GeForce RTX 5080,fp16,quantized,2,2048,64,ok,,543.6293839884456,125.085217986387,68,117440512,117440512.0,1.0,,,3097915392,3403708928,305793536,3653238784,12576292864.0,12234457088,16600596480,,,,,,,,4,quanto_inferred_from_script,28,12,2,128,results/results_5080_qwen25_1p5b.csv,rtx5080_existing,RTX 5080,0.284792423248291,3.1699509620666504
Qwen/Qwen2.5-1.5B-Instruct,NVIDIA GeForce RTX 5080,fp16,quantized,2,4096,64,ok,,1058.334539993666,120.94474399443304,128,234881024,234881024.0,1.0,,,3097915392,3709499904,611584512,4030726144,12576292864.0,11856969728,16600596480,,,,,,,,4,quanto_inferred_from_script,28,12,2,128,results/results_5080_qwen25_1p5b.csv,rtx5080_existing,RTX 5080,0.569582462310791,3.4547410011291504
Qwen/Qwen2.5-1.5B-Instruct,NVIDIA GeForce RTX 5080,fp16,quantized,2,8192,64,ok,,1470.9182340011466,87.02047268244023,128,469762048,469762048.0,1.0,,,3097915392,4321081856,1223166464,4640997376,12576292864.0,11246698496,16600596480,,,,,,,,4,quanto_inferred_from_script,28,12,2,128,results/results_5080_qwen25_1p5b.csv,rtx5080_existing,RTX 5080,1.139162540435791,4.02432107925415
Qwen/Qwen2.5-1.5B-Instruct,NVIDIA GeForce RTX 5080,fp16,quantized,4,512,64,ok,,246.9350509927608,259.17746282959337,64,58720256,58720256.0,1.0,,,3097915392,3253959168,156043776,3477078016,12576292864.0,12410617856,16600596480,,,,,,,,4,quanto_inferred_from_script,28,12,2,128,results/results_5080_qwen25_1p5b.csv,rtx5080_existing,RTX 5080,0.14532709121704102,3.0304856300354004
Qwen/Qwen2.5-1.5B-Instruct,NVIDIA GeForce RTX 5080,fp16,quantized,4,1024,64,ok,,641.5327669965336,268.1078954162436,172,117440512,117440512.0,1.0,,,3097915392,3403708928,305793536,3655335936,12576292864.0,12232359936,16600596480,,,,,,,,4,quanto_inferred_from_script,28,12,2,128,results/results_5080_qwen25_1p5b.csv,rtx5080_existing,RTX 5080,0.284792423248291,3.1699509620666504
Qwen/Qwen2.5-1.5B-Instruct,NVIDIA GeForce RTX 5080,fp16,quantized,4,2048,64,ok,,1038.266242001555,246.56488831466467,256,234881024,234881024.0,1.0,,,3097915392,3709499904,611584512,4032823296,12576292864.0,11854872576,16600596480,,,,,,,,4,quanto_inferred_from_script,28,12,2,128,results/results_5080_qwen25_1p5b.csv,rtx5080_existing,RTX 5080,0.569582462310791,3.4547410011291504
Qwen/Qwen2.5-1.5B-Instruct,NVIDIA GeForce RTX 5080,fp16,quantized,4,4096,64,ok,,1439.759028988192,177.8075322645534,256,469762048,469762048.0,1.0,,,3097915392,4321081856,1223166464,4645191680,12576292864.0,11242504192,16600596480,,,,,,,,4,quanto_inferred_from_script,28,12,2,128,results/results_5080_qwen25_1p5b.csv,rtx5080_existing,RTX 5080,1.139162540435791,4.02432107925415
Qwen/Qwen2.5-1.5B-Instruct,NVIDIA GeForce RTX 5080,fp16,quantized,4,8192,64,ok,,2365.1621869939845,108.23782039461936,256,939524096,939524096.0,1.0,,,3097915392,5544245760,2446330368,6356467712,12576292864.0,9531228160,16600596480,,,,,,,,4,quanto_inferred_from_script,28,12,2,128,results/results_5080_qwen25_1p5b.csv,rtx5080_existing,RTX 5080,2.278322696685791,5.16348123550415
Qwen/Qwen2.5-1.5B-Instruct,NVIDIA GeForce RTX 5080,fp16,quantized,8,512,64,ok,,323.1680480093928,396.0787608442024,128,117440512,117440512.0,1.0,,,3097915392,3403708928,305793536,3655335936,12576292864.0,12232359936,16600596480,,,,,,,,4,quanto_inferred_from_script,28,12,2,128,results/results_5080_qwen25_1p5b.csv,rtx5080_existing,RTX 5080,0.284792423248291,3.1699509620666504
Qwen/Qwen2.5-1.5B-Instruct,NVIDIA GeForce RTX 5080,fp16,quantized,8,1024,64,ok,,695.1011969940737,402.8190444943044,280,234881024,234881024.0,1.0,,,3097915392,3709499904,611584512,4034920448,12576292864.0,11852775424,16600596480,,,,,,,,4,quanto_inferred_from_script,28,12,2,128,results/results_5080_qwen25_1p5b.csv,rtx5080_existing,RTX 5080,0.569582462310791,3.4547410011291504
Qwen/Qwen2.5-1.5B-Instruct,NVIDIA GeForce RTX 5080,fp16,quantized,8,2048,64,ok,,1384.8590249981498,369.7127222033911,512,469762048,469762048.0,1.0,,,3097915392,4321081856,1223166464,4655677440,12576292864.0,11232018432,16600596480,,,,,,,,4,quanto_inferred_from_script,28,12,2,128,results/results_5080_qwen25_1p5b.csv,rtx5080_existing,RTX 5080,1.139162540435791,4.02432107925415
Qwen/Qwen2.5-1.5B-Instruct,NVIDIA GeForce RTX 5080,fp16,quantized,8,4096,64,ok,,2220.092878007563,230.62098215435824,512,939524096,939524096.0,1.0,,,3097915392,5544245760,2446330368,6362759168,12576292864.0,9524936704,16600596480,,,,,,,,4,quanto_inferred_from_script,28,12,2,128,results/results_5080_qwen25_1p5b.csv,rtx5080_existing,RTX 5080,2.278322696685791,5.16348123550415
Qwen/Qwen2.5-1.5B-Instruct,NVIDIA GeForce RTX 5080,fp16,quantized,8,8192,64,oom,"OutOfMemoryError: CUDA out of memory. Tried to allocate 18.55 GiB. GPU 0 has a total capacity of 15.46 GiB of which 9.12 GiB is free. Including non-PyTorch memory, this process has 5.98 GiB memory in use. Of the allocated memory 4.82 GiB is allocated by PyTorch, and 872.60 MiB is reserved by PyTorch but unallocated. If reserved but unallocated memory is large try setting PYTORCH_CUDA_ALLOC_CONF=expandable_segments:True to avoid fragmentation.  See documentation for Memory Management  (https://docs.pytorch.org/docs/stable/notes/cuda.html#optimizing-memory-usage-with-pytorch-cuda-alloc-conf)",,,0,1879048192,,,,,3097915392,9310793728,6212878336,9839837184,,9793372160,16600596480,,,,,,,,4,quanto_inferred_from_script,28,12,2,128,results/results_5080_qwen25_1p5b.csv,rtx5080_existing,RTX 5080,5.78619384765625,8.67135238647461
